page_label,family_name
xlv,Acetoacetic Ester Synthesis
xlv,Acyloin Condensation
xlv,Alder (Ene) Reaction (Hydro-Allyl Addition)
xlv,Aldol Reaction
xlv,Alkene (Olefin) Metathesis
xlv,Alkyne Metathesis
xlv,Amadori Reaction/Rearrangement
xlv,Arbuzov Reaction (Michaelis-Arbuzov Reaction)
xlv,Arndt-Eistert Homologation/Synthesis
xlv,Aza-Claisen Rearrangement (3-Aza-Cope Rearrangement)
xlv,Aza-Cope Rearrangement
xlv,Aza-Wittig Reaction
xlv,"Aza[2,3]-Wittig Rearrangement"
xlv,Baeyer-Villiger Oxidation/Rearrangement
xlv,Baker-Venkataraman Rearrangement
xlv,Baldwin's Rules/Guidelines for Ring-Closing Reactions
xlv,Balz-Schiemann Reaction (Schiemann Reaction)
xlv,Bamford-Stevens-Shapiro Olefination
xlv,Barbier Coupling Reaction
xlv,Bartoli Indole Synthesis
xlv,Barton Nitrite Ester Reaction
xlv,Barton Radical Decarboxylation Reaction
xlv,Barton-McCombie Radical Deoxygenation Reaction
xlv,Baylis-Hillman Reaction
xlv,Beckmann Rearrangement
xlv,Benzilic Acid Rearrangement
xlv,Benzoin and Retro-Benzoin Condensation
xlv,Bergman Cycloaromatization Reaction
xlv,Biginelli Reaction
xlv,Birch Reduction
xlv,Bischler-Napieralski Isoquinoline Synthesis
xlvi,Brook Rearrangement
xlvi,Brown Hydroboration Reaction
xlvi,Buchner Method of Ring Expansion (Buchner Reaction)
xlvi,Buchwald-Hartwig Cross-Coupling
xlvi,Burgess Dehydration Reaction
xlvi,Cannizzaro Reaction
xlvi,Carroll Rearrangement (Kimel-Cope Rearrangement)
xlvi,Castro-Stephens Coupling
xlvi,Chichibabin Amination Reaction (Chichibabin Reaction)
xlvi,Chugaev Elimination Reaction (Xanthate Ester Pyrolysis)
xlvi,Ciamician-Dennstedt Rearrangement
xlvi,Claisen Condensation/Claisen Reaction
xlvi,Claisen Rearrangement
xlvi,Claisen-Ireland Rearrangement
xlvi,Clemmensen Reduction
xlvi,Combes Quinoline Synthesis
xlvi,Cope Elimination / Cope Reaction
xlvi,Cope Rearrangement
xlvi,Corey-Bakshi-Shibata Reduction (CBS Reduction)
xlvi,Corey-Chaykovsky Epoxidation and Cyclopropanation
xlvi,Corey-Fuchs Alkyne Synthesis
xlvi,Corey-Kim Oxidation
xlvi,Corey-Nicolaou Macrolactonization
xlvi,Corey-Winter Olefination
xlvi,Cornforth Rearrangement
xlvi,Criegee Oxidation
xlvi,Curtius Rearrangement
xlvi,Dakin Oxidation
xlvi,Dakin-West Reaction
xlvi,Danheiser Benzannulation
xlvi,Danheiser Cyclopentene Annulation
xlvi,Danishefsky's Diene Cycloaddition
xlvi,Darzens Glycidic Ester Condensation
xlvi,Davis' Oxaziridine Oxidations
xlvii,De Mayo Cycloaddition (Enone-Alkene [2+2] Photocycloaddition)
xlvii,Demjanov Rearrangement and Tiffeneau-Demjanov Rearrangement
xlvii,Dess-Martin Oxidation
xlvii,Dieckmann Condensation
xlvii,Diels-Alder Cycloaddition
xlvii,Dienone-Phenol Rearrangement
xlvii,Dimroth Rearrangement
xlvii,Doering-LaFlamme Allene Synthesis
xlvii,Dötz Benzannulation Reaction
xlvii,Enders SAMP/RAMP Hydrazone Alkylation
xlvii,Enyne Metathesis
xlvii,Eschenmoser Methenylation
xlvii,Eschenmoser-Claisen Rearrangement
xlvii,Eschenmoser-Tanabe Fragmentation
xlvii,Eschweiler-Clarke Methylation (Reductive Alkylation)
xlvii,Evans Aldol Reaction
xlvii,Favorskii and Homo-Favorskii Rearrangement
xlvii,Feist-Bénary Furan Synthesis
xlvii,Ferrier Reaction/Rearrangement
xlvii,Finkelstein Reaction
xlvii,Fischer Indole Synthesis
xlvii,Fleming-Tamao Oxidation
xlvii,Friedel-Crafts Acylation
xlvii,Friedel-Crafts Alkylation
xlvii,"Fries-, Photo-Fries, and Anionic Ortho-Fries Rearrangement"
xlvii,Gabriel Synthesis
xlvii,Gattermann and Gattermann-Koch Formylation
xlvii,Glaser Coupling
xlvii,Grignard Reaction
xlvii,Grob Fragmentation
xlvii,Hajos-Parrish Reaction
xlvii,Hantzsch Dihydropyridine Synthesis
xlvii,Heck Reaction
xlvii,Heine Reaction
xlviii,Hell-Volhard-Zelinsky Reaction
xlviii,Henry Reaction
xlviii,Hetero Diels-Alder Cycloaddition (HDA)
xlviii,Hofmann Elimination
xlviii,Hofmann-Löffler-Freytag Reaction (Remote Functionalization)
xlviii,Hofmann Rearrangement
xlviii,Horner-Wadsworth-Emmons Olefination
xlviii,Horner-Wadsworth-Emmons Olefination – Still-Gennari Modification
xlviii,Houben-Hoesch Reaction/Synthesis
xlviii,Hunsdiecker Reaction
xlviii,Jacobsen Hydrolytic Kinetic Resolution
xlviii,Jacobsen-Katsuki Epoxidation
xlviii,Japp-Klingemann Reaction
xlviii,Johnson-Claisen Rearrangement
xlviii,Jones Oxidation/Oxidation of Alcohols by Chromium Reagents
xlviii,Julia-Lythgoe Olefination
xlviii,Kagan-Molander Samarium Diiodide-Mediated Coupling
xlviii,Kahne Glycosidation
xlviii,Keck Asymmetric Allylation
xlviii,Keck Macrolactonization
xlviii,Keck Radical Allylation
xlviii,Knoevenagel Condensation
xlviii,Knorr Pyrrole Synthesis
xlviii,Koenigs-Knorr Glycosidation
xlviii,Kolbe-Schmitt Reaction
xlviii,Kornblum Oxidation
xlviii,Krapcho Dealkoxycarbonylation (Krapcho Reaction)
xlviii,Kröhnke Pyridine Synthesis
xlviii,Kulinkovich Reaction
xlviii,Kumada Cross-Coupling
xlviii,Larock Indole Synthesis
xlviii,Ley Oxidation
xlviii,Lieben Haloform Reaction
xlviii,Lossen Rearrangement
xlix,Luche Reduction
xlix,Madelung Indole Synthesis
xlix,Malonic Ester Synthesis
xlix,Mannich Reaction
xlix,McMurry Coupling
xlix,Meerwein Arylation
xlix,Meerwein-Ponndorf-Verley Reduction
xlix,Meisenheimer Rearrangement
xlix,Meyer-Schuster and Rupe Rearrangement
xlix,Michael Addition Reaction
xlix,Midland Alpine Borane Reduction
xlix,Minisci Reaction
xlix,Mislow-Evans Rearrangement
xlix,Mitsunobu Reaction
xlix,Miyaura Boration
xlix,Mukaiyama Aldol Reaction
xlix,Myers Asymmetric Alkylation
xlix,Nagata Hydrocyanation
xlix,Nazarov Cyclization
xlix,Neber Rearrangement
xlix,Nef Reaction
xlix,Negishi Cross-Coupling
xlix,Nenitzescu Indole Synthesis
xlix,Nicholas Reaction
xlix,Noyori Asymmetric Hydrogenation
xlix,Nozaki-Hiyama-Kishi Reaction
xlix,Oppenauer Oxidation
xlix,Overman Rearrangement
xlix,Oxy-Cope Rearrangement and Anionic Oxy-Cope Rearrangement
xlix,Paal-Knorr Furan Synthesis
xlix,Paal-Knorr Pyrrole Synthesis
xlix,Passerini Multicomponent Reaction
xlix,Paternò-Büchi Reaction
xlix,Pauson-Khand Reaction
l,Payne Rearrangement
l,Perkin Reaction
l,Petasis Boronic Acid-Mannich Reaction
l,Petasis-Ferrier Rearrangement
l,Peterson Olefination
l,Pfitzner-Moffatt Oxidation
l,Pictet-Spengler Tetrahydroisoquinoline Synthesis
l,Pinacol and Semipinacol Rearrangement
l,Pinner Reaction
l,Pinnick Oxidation
l,Polonovski Reaction
l,Pomeranz-Fritsch Reaction
l,Prévost Reaction
l,Prilezhaev Reaction
l,Prins Reaction
l,Prins-Pinacol Rearrangement
l,Pummerer Rearrangement
l,Quasi-Favorskii Rearrangement
l,Ramberg-Bäcklund Rearrangement
l,Reformatsky Reaction
l,Regitz Diazo Transfer
l,Reimer-Tiemann Reaction
l,Riley Selenium Dioxide Oxidation
l,Ritter Reaction
l,Robinson Annulation
l,Roush Asymmetric Allylation
l,Rubottom Oxidation
l,Saegusa Oxidation
l,Sakurai Allylation
l,Sandmeyer Reaction
l,Schmidt Reaction
l,Schotten-Baumann Reaction
l,Schwartz Hydrozirconation
l,Seyferth-Gilbert Homologation
li,Sharpless Asymmetric Aminohydroxylation
li,Sharpless Asymmetric Dihydroxylation
li,Sharpless Asymmetric Epoxidation
li,Shi Asymmetric Epoxidation
li,Simmons-Smith Cyclopropanation
li,Skraup and Doebner-Miller Quinoline Synthesis
li,Smiles Rearrangement
li,Smith-Tietze Multicomponent Dithiane Linchpin Coupling
li,Snieckus Directed Ortho Metalation
li,Sommelet-Hauser Rearrangement
li,Sonogashira Cross-Coupling
li,Staudinger Ketene Cycloaddition
li,Staudinger Reaction
li,Stephen Aldehyde Synthesis (Stephen Reduction)
li,Stetter Reaction
li,Stevens Rearrangement
li,Stille Carbonylative Cross-Coupling
li,Stille Cross-Coupling (Migita-Kosugi-Stille Coupling)
li,Stille-Kelly Coupling
li,Stobbe Condensation
li,Stork Enamine Synthesis
li,Strecker Reaction
li,Suzuki Cross-Coupling (Suzuki-Miyaura Cross-Coupling)
li,Swern Oxidation
li,Takai-Utimoto Olefination (Takai Reaction)
li,Tebbe Olefination/Petasis-Tebbe Olefination
li,Tishchenko Reaction
li,Tsuji-Trost Reaction/Allylation
li,Tsuji-Wilkinson Decarbonylation Reaction
li,Ugi Multicomponent Reaction
li,Ullmann Biaryl Ether and Biaryl Amine Synthesis/Condensation
li,Ullmann Reaction/Coupling/Biaryl Synthesis
li,Vilsmeier-Haack Formylation
li,Vinylcyclopropane-Cyclopentene Rearrangement
liii,von Pechmann Reaction
liii,Wacker Oxidation
liii,Wagner-Meerwein Rearrangement
liii,Weinreb Ketone Synthesis
liii,Wharton Fragmentation
liii,Wharton Olefin Synthesis (Wharton Transposition)
liii,Williamson Ether Synthesis
liii,Wittig Reaction
liii,Wittig Reaction - Schlosser Modification
liii,"Wittig-[1,2]- and [2,3]-Rearrangement"
liii,Wohl-Ziegler Bromination
liii,Wolff Rearrangement
liii,Wolff-Kishner Reduction
liii,Wurtz Coupling
liii,Yamaguchi Macrolactonization
